id,attr_time,attr_lat,attr_lng
1,1436623629000,49.45020318,8.8979023
2,1436623635210,49.4445736,8.9005429
3,1436623655354,49.4445736,8.9005429
4,1436623669000,49.45020318,8.89790231
5,1436623675632,49.4445736,8.9005429
6,1436623699000,49.45020324,8.89790234
7,1436623705000,49.45020325,8.89790234
8,1436623715729,49.4445736,8.9005429