id,attr_time,attr_lat,attr_lng
1,1436623623000,49.45017676,8.89794577
2,1436623635000,49.45017695,8.89794567
3,1436623645000,49.45017708,8.89794562
4,1436623655000,49.45017765,8.89794522
5,1436623666000,49.45017785,8.89794487
6,1436623676000,49.450178,8.89794467
7,1436623686000,49.45017807,8.89794451
8,1436623696000,49.45017837,8.89794449
9,1436623707000,49.45017883,8.89794431
10,1436623717000,49.45017914,8.89794431