id,attr_time,attr_lat,attr_lng
1,1436623631000,49.45014143,8.89817038
2,1436623635702,49.4444739,8.9006258
3,1436623645000,49.45014731,8.89817832
4,1436623654000,49.45016039,8.89817452
5,1436623663000,49.45016543,8.89817066
6,1436623677000,49.450168,8.89817135
7,1436623686000,49.45016634,8.89818052
8,1436623695000,49.45016612,8.89818147
9,1436623707000,49.45016981,8.89818445
10,1436623716000,49.45016974,8.89818019