id,attr_time,attr_lat,attr_lng
1,1436623626000,49.45013876,8.89796174
2,1436623646000,49.45014114,8.89796064
3,1436623656000,49.45014152,8.89796012
4,1436623667000,49.45014297,8.89795991
5,1436623677000,49.45013974,8.8979597
6,1436623697000,49.45013597,8.89763995
7,1436623708000,49.45008546,8.89756401
8,1436623718000,49.45009656,8.89773979