id,attr_time,attr_lat,attr_lng
1,1436623620000,49.45020345,8.89793305
2,1436623629000,49.45020346,8.89793294
3,1436623639000,49.45020337,8.89793268
4,1436623650000,49.45020384,8.89793244
5,1436623660000,49.45020499,8.89793192
6,1436623671000,49.45020504,8.89793181
7,1436623682000,49.45020476,8.89793133
8,1436623692000,49.45020469,8.8979313
9,1436623702000,49.45020386,8.8979311
10,1436623713000,49.45020427,8.89793089