id,attr_time,attr_lat,attr_lng
1,1436623624000,49.45016964,8.8979432
2,1436623637000,49.4501703,8.89794185
3,1436623647000,49.4501703,8.89794156
4,1436623656000,49.45016998,8.89794145
5,1436623676000,49.45016883,8.8979421
6,1436623698000,49.45016722,8.89794315
7,1436623716000,49.45016432,8.89794378