id,attr_time,attr_lat,attr_lng
1,1436801609000,49.45025612,8.89798927
2,1436801621000,49.45024607,8.89797413
3,1436801630000,49.45023683,8.8979713
4,1436801641000,49.45024636,8.89797241
5,1436801651000,49.45024932,8.8979721
6,1436801662000,49.45025103,8.89797126
7,1436801672000,49.45025668,8.89797299
8,1436801683000,49.45025853,8.89797691
9,1436801693000,49.45025851,8.89797814
10,1436801704000,49.45026035,8.8979783