id,attr_time,attr_lat,attr_lng
1,1436801614000,49.45018944,8.897929
2,1436801645000,49.45019255,8.89793029
3,1436801659000,49.4501932,8.89793096
4,1436801667000,49.45019344,8.89793131
5,1436801686000,49.45019234,8.89793216
6,1436801698000,49.45019122,8.89793193