id,attr_time,attr_lat,attr_lng
1,1436801620000,49.45031463,8.89794636
2,1436801631000,49.45030585,8.89794247
3,1436801641000,49.45030011,8.89793753
4,1436801651000,49.45029396,8.89793372
5,1436801661000,49.45029021,8.89793203
6,1436801672000,49.45029212,8.89793117
7,1436801690000,49.45029877,8.89793397
8,1436801702000,49.4502962,8.89792881