id,attr_time,attr_lat,attr_lng
1,1436801603000,49.45029629,8.89804332
2,1436801613000,49.45029035,8.89803535
3,1436801622000,49.45028604,8.89802997
4,1436801643000,49.45028899,8.89803389
5,1436801654000,49.45028911,8.89803678
6,1436801664000,49.45028578,8.89803654
7,1436801674000,49.45028419,8.89803486
8,1436801684000,49.45028473,8.89803178
9,1436801695000,49.4502798,8.8980242
10,1436801705000,49.45027583,8.89801796