id,attr_time,attr_lat,attr_lng
1,1436801607000,49.45036782,8.89811975
2,1436801621000,49.4503762,8.89812498
3,1436801626000,49.45037671,8.89812504
4,1436801642000,49.45037752,8.89812418
5,1436801646000,49.45037632,8.89812346
6,1436801670000,49.45038177,8.89812971
7,1436801682000,49.45038422,8.8981315
8,1436801704000,49.45038693,8.89813466