id,attr_time,attr_lat,attr_lng
1,1436801610000,49.45027531,8.89796736
2,1436801629000,49.45027559,8.89796776
3,1436801641000,49.45027559,8.89796777
4,1436801652000,49.45027568,8.89796791
5,1436801667000,49.45027581,8.89796868
6,1436801670000,49.4502759,8.89796881
7,1436801683000,49.45027535,8.89796809
8,1436801693000,49.45027815,8.89797191
9,1436801704000,49.45027794,8.89797163