id,attr_time,attr_lat,attr_lng
1,1437067247000,49.44988929,8.89852697
2,1437067251000,49.44988929,8.89852697
3,1437067275000,49.44988898,8.89852657
4,1437067278000,49.44988898,8.89852657
5,1437067444000,49.44987764,8.89851122
6,1437067544000,49.44987597,8.8985085
7,1437067550000,49.44987597,8.8985085